{"train_loss": [4.442595481872559, 1.8206769227981567, 1.3279787302017212, 0.6702011823654175, 0.5961931347846985, 0.7591902613639832, 0.6689637899398804, 0.7771708369255066, 0.7269387245178223, 0.8012251853942871, 0.789758026599884, 0.6750900745391846, 0.6648561954498291, 0.5329950451850891, 0.3783922493457794, 0.3655368983745575, 0.3082054555416107, 1.5677013397216797, 0.22974459826946259, 0.20746123790740967, 0.18049116432666779, 0.1596895456314087, 0.20137064158916473, 0.178218275308609, 0.15841525793075562, 0.14048293232917786, 0.1310109794139862, 0.11265210062265396, 0.10414790362119675, 0.09624138474464417, 0.14939819276332855, 0.14774090051651, 0.10354138165712357, 0.08828151971101761, 0.08810831606388092, 0.08705280721187592, 0.08743974566459656, 0.08510782569646835, 0.08432001620531082, 0.08346281945705414, 0.08562250435352325, 0.08234904706478119, 0.08159255236387253, 0.08135552704334259, 0.1018192246556282], "val_loss": [1.6825752258300781, 2.064049482345581, 0.7858593463897705, 0.77964186668396, 0.8528192639350891, 0.7208990454673767, 0.7119473218917847, 1.2524651288986206, 0.4493919312953949, 1.0158756971359253, 0.43441298604011536, 0.973389744758606, 0.8992994427680969, 0.5561102032661438, 0.47589966654777527, 0.33865416049957275, 0.29701629281044006, 0.3095155656337738, 0.2664181590080261, 0.29617348313331604, 0.27061736583709717, 0.24148012697696686, 0.25731244683265686, 0.23153740167617798, 0.3696359694004059, 0.24087905883789062, 0.19389759004116058, 0.17877981066703796, 0.19013071060180664, 0.16036659479141235, 0.20913541316986084, 0.2080633044242859, 0.15806417167186737, 0.1625194400548935, 0.15264488756656647, 0.1576828509569168, 0.14173173904418945, 0.1504194289445877, 0.1544928103685379, 0.1485222578048706, 0.1427576243877411, 0.13769294321537018, 0.13939382135868073, 0.14314091205596924, 0.15493877232074738]}