{"train_loss": [12.793394088745117, 4.220764636993408, 5.704609394073486, 4.960302352905273, 4.940592288970947, 3.8476784229278564, 3.1664350032806396, 3.704913377761841, 3.387502670288086, 2.668779134750366, 2.6891088485717773, 2.949211359024048, 1.6697555780410767, 1.6230485439300537, 1.2748175859451294, 1.8234721422195435, 1.2328180074691772, 0.8642739653587341, 0.7440382242202759, 0.6653020977973938, 0.5646381378173828, 0.5067582130432129, 0.4650692045688629, 0.4323871433734894, 0.3970467448234558, 0.36159998178482056, 0.3441106677055359, 0.3228755593299866, 0.3703140914440155, 0.30958640575408936, 0.31976279616355896, 0.2976182997226715, 0.29610639810562134, 0.2900390625, 0.2941717207431793, 0.2887720465660095, 0.28271910548210144, 0.28288909792900085, 0.2784731686115265, 0.27315056324005127, 0.27290424704551697, 0.26853519678115845, 0.2660691738128662, 0.2637805640697479, 0.2596209645271301], "val_loss": [6.8073906898498535, 5.3122968673706055, 5.209307670593262, 3.0644638538360596, 3.204496383666992, 3.5168943405151367, 3.891751289367676, 3.4270339012145996, 4.522937774658203, 2.3905484676361084, 4.438087463378906, 1.8558064699172974, 2.056389570236206, 1.556586742401123, 1.773777961730957, 1.653601050376892, 1.344727635383606, 1.3833305835723877, 1.0469882488250732, 1.0477609634399414, 0.8579320311546326, 0.798722505569458, 0.756345272064209, 0.7685702443122864, 0.6708633899688721, 0.6588148474693298, 0.6316659450531006, 0.6183851361274719, 0.5844080448150635, 0.5813055634498596, 0.5675773024559021, 0.5837781429290771, 0.559169590473175, 0.559336245059967, 0.5711961984634399, 0.5494896173477173, 0.5383906960487366, 0.5518097877502441, 0.5282638072967529, 0.5192603468894958, 0.5308239459991455, 0.5074632167816162, 0.5023735761642456, 0.5164763927459717, 0.4902726411819458]}