{"train_loss": [3.6215124130249023, 1.2155969142913818, 1.1625022888183594, 0.7699227929115295, 0.6555725932121277, 0.8078803420066833, 0.5254700183868408, 0.6387751698493958, 0.4421587884426117, 0.5329204797744751, 0.5377046465873718, 0.6236572265625, 0.5555652379989624, 0.6231311559677124, 0.36908289790153503, 0.5280584692955017, 0.4517989754676819, 0.4968317747116089, 0.33479779958724976, 0.2337809056043625, 0.2530585527420044, 0.24798481166362762, 0.1961519867181778, 0.18426071107387543, 0.15528921782970428, 0.14431659877300262, 0.13454435765743256, 0.13672371208667755, 0.10976516455411911, 0.11734146624803543, 0.10290555655956268, 0.11246071755886078, 0.09922025352716446, 0.09623301774263382, 0.09565134346485138, 0.0939311757683754, 0.10550002753734589, 0.09546744078397751, 0.10386686772108078, 0.10618571937084198, 0.09295499324798584, 0.10105130076408386, 0.08916657418012619, 0.08905273675918579, 0.08457869291305542], "val_loss": [2.0172853469848633, 1.1794893741607666, 2.2999279499053955, 0.891834020614624, 0.6457251906394958, 1.4896998405456543, 0.7098950743675232, 0.4707396626472473, 0.5199666619300842, 0.4800010025501251, 0.5076965093612671, 0.5266861915588379, 0.6805893778800964, 0.33819276094436646, 0.41764745116233826, 0.7904973030090332, 0.6193639636039734, 0.44971904158592224, 0.3886999785900116, 0.39066851139068604, 0.35542580485343933, 0.22350293397903442, 0.2881169319152832, 0.21335676312446594, 0.24056966602802277, 0.3087207078933716, 0.259129136800766, 0.17536400258541107, 0.18481236696243286, 0.19602912664413452, 0.18274076282978058, 0.17711010575294495, 0.15478962659835815, 0.15466058254241943, 0.16437707841396332, 0.1566925346851349, 0.17040641605854034, 0.16625481843948364, 0.19860078394412994, 0.17990604043006897, 0.14584553241729736, 0.14261825382709503, 0.17422397434711456, 0.14841991662979126, 0.1366952508687973]}