{"train_loss": [10.551447868347168, 5.887024402618408, 4.382842540740967, 3.876772165298462, 2.6237435340881348, 2.2715907096862793, 1.9950025081634521, 3.4813618659973145, 3.7094829082489014, 2.460602283477783, 2.3213980197906494, 2.3680567741394043, 2.1942853927612305, 2.374298572540283, 1.9474055767059326, 2.1291587352752686, 1.461678385734558, 1.2398498058319092, 1.316412329673767, 1.0111148357391357, 0.9264956116676331, 0.8996994495391846, 0.8091833591461182, 0.7358051538467407, 0.6807199716567993, 0.6293144822120667, 0.5766241550445557, 0.5649330019950867, 0.5171729922294617, 0.5105533003807068, 0.5120754241943359, 0.45830675959587097, 0.43222928047180176, 0.4214157164096832, 0.4184626340866089, 0.4059132933616638, 0.3958951234817505, 0.3875831961631775, 0.3818230628967285, 0.41239362955093384, 0.3726639151573181, 0.3548565208911896, 0.34980064630508423, 0.3467082679271698, 0.35370129346847534], "val_loss": [3.5543129444122314, 5.82801628112793, 5.982532978057861, 3.182340621948242, 3.5032312870025635, 3.1709952354431152, 2.134453773498535, 3.35286808013916, 3.918792486190796, 2.4870080947875977, 2.1405811309814453, 2.9995200634002686, 1.6646318435668945, 2.4521732330322266, 2.9785633087158203, 2.1916511058807373, 1.4540038108825684, 1.4659302234649658, 1.4070643186569214, 1.3778603076934814, 1.3078559637069702, 1.4604554176330566, 1.1887483596801758, 1.1536158323287964, 1.0486884117126465, 1.0156766176223755, 0.9348100423812866, 0.95389723777771, 0.8594711422920227, 0.8230693936347961, 0.8282920718193054, 0.7416967153549194, 0.7278109192848206, 0.6894147396087646, 0.6953151226043701, 0.6740656495094299, 0.6475677490234375, 0.6398557424545288, 0.6155924797058105, 0.6653553247451782, 0.5897848010063171, 0.5919559001922607, 0.5759685635566711, 0.5971109867095947, 0.5785233974456787]}