{"train_loss": [4.114574432373047, 1.4202321767807007, 0.9468212723731995, 1.0074433088302612, 0.6604596376419067, 0.7562034130096436, 0.9872106313705444, 0.7656949758529663, 0.625896155834198, 0.6993523836135864, 0.5837708711624146, 0.6711071729660034, 0.718895673751831, 0.6022186279296875, 0.7149214744567871, 0.5273577570915222, 0.43070167303085327, 0.31707605719566345, 0.31225132942199707, 0.3331183195114136, 0.2429172396659851, 0.2164265662431717, 0.23490625619888306, 0.20077399909496307, 0.1848621368408203, 0.15841300785541534, 0.15569402277469635, 0.1523989737033844, 0.13855943083763123, 0.13466931879520416, 0.12137854099273682, 0.12036264687776566, 0.11852426826953888, 0.11977634578943253, 0.11600381135940552, 0.12021269649267197, 0.12484471499919891, 0.11694838851690292, 0.12327579408884048, 0.11188143491744995, 0.11495818197727203, 0.10458800196647644, 0.10829860717058182, 0.11257751286029816, 0.11276635527610779], "val_loss": [2.274543523788452, 1.9586498737335205, 0.8125751614570618, 0.8252136707305908, 0.8880219459533691, 1.0280907154083252, 0.8655937910079956, 0.6227405071258545, 0.6121349930763245, 0.7062622904777527, 0.6092145442962646, 0.836307168006897, 0.6211492419242859, 0.5572382211685181, 0.9788991808891296, 0.5466760993003845, 0.44791239500045776, 0.41006672382354736, 0.7362603545188904, 0.3496299684047699, 0.3139074444770813, 0.3400973379611969, 0.3215970993041992, 0.34674128890037537, 0.3707033097743988, 0.23157291114330292, 0.24128347635269165, 0.2285747081041336, 0.2418692409992218, 0.21003682911396027, 0.20227652788162231, 0.19929373264312744, 0.19361087679862976, 0.19949890673160553, 0.19214972853660583, 0.2049744427204132, 0.1886620968580246, 0.1920560598373413, 0.2037503868341446, 0.19642946124076843, 0.18987947702407837, 0.1776142567396164, 0.1721356362104416, 0.19875498116016388, 0.1800229400396347]}