{"train_loss": [11.124554634094238, 5.714844703674316, 4.1368255615234375, 3.3238327503204346, 3.2071025371551514, 2.5439796447753906, 3.3783349990844727, 3.6709721088409424, 2.8646528720855713, 2.101386785507202, 1.9256125688552856, 2.0811398029327393, 2.6904008388519287, 2.5566751956939697, 2.285207986831665, 2.5655179023742676, 1.715715765953064, 1.2871004343032837, 1.0691616535186768, 0.9322124123573303, 0.7806313633918762, 0.6904781460762024, 0.6089577674865723, 0.5487149953842163, 0.5053564310073853, 0.45514988899230957, 0.41072753071784973, 0.3937138617038727, 0.36247843503952026, 0.3377436101436615, 0.3365935683250427, 0.30990612506866455, 0.3130393624305725, 0.30450060963630676, 0.3023129403591156, 0.29986247420310974, 0.2965056300163269, 0.29202476143836975, 0.29628729820251465, 0.3076205551624298, 0.2812303304672241, 0.2758390009403229, 0.27478790283203125, 0.2741294503211975, 0.2704196274280548], "val_loss": [8.472358703613281, 6.7906599044799805, 3.78959321975708, 3.0987892150878906, 2.690032720565796, 2.7051355838775635, 3.3909809589385986, 2.6750736236572266, 2.611591339111328, 2.2380897998809814, 2.7918012142181396, 3.1568140983581543, 2.826300859451294, 3.1292030811309814, 1.9842422008514404, 1.986566185951233, 2.003284454345703, 1.2276901006698608, 1.389554738998413, 1.264807105064392, 0.837130069732666, 0.7620455622673035, 0.8241994976997375, 0.6347166299819946, 0.6475662589073181, 0.6489844918251038, 0.532036304473877, 0.6277327537536621, 0.5510445833206177, 0.47013282775878906, 0.47876206040382385, 0.44522085785865784, 0.46074551343917847, 0.4671075940132141, 0.4258546233177185, 0.43423551321029663, 0.4499841332435608, 0.41316014528274536, 0.5663801431655884, 0.43683332204818726, 0.4182530343532562, 0.39691081643104553, 0.4030885696411133, 0.40730413794517517, 0.3874795436859131]}