{"train_loss": [5.47997522354126, 2.150986671447754, 1.3184685707092285, 1.2620068788528442, 0.9532507061958313, 1.0884764194488525, 0.789474606513977, 0.6497035622596741, 1.0727027654647827, 0.6563693881034851, 0.7710939645767212, 0.7584910988807678, 0.748308002948761, 0.4304410517215729, 0.5145845413208008, 0.6040821671485901, 0.4956999123096466, 0.41866010427474976, 0.3674311637878418, 0.4757744073867798, 0.4191828966140747, 0.36165785789489746, 0.31301724910736084, 0.2708374559879303, 0.23520822823047638, 0.20676890015602112, 0.18198071420192719, 0.16623437404632568, 0.18819215893745422, 0.10700156539678574, 0.0998503565788269, 0.09984168410301208, 0.09994625300168991, 0.09713464230298996, 0.09723131358623505, 0.11487636715173721, 0.11782922595739365, 0.11721482127904892, 0.11665356159210205, 0.11520873755216599, 0.11279059201478958, 0.11314982920885086, 0.09338770061731339, 0.09117055684328079, 0.07960681617259979], "val_loss": [2.488924026489258, 2.047597885131836, 1.5220708847045898, 1.4753947257995605, 0.7101922631263733, 1.950128197669983, 0.7585022449493408, 1.3634353876113892, 1.1155142784118652, 0.9137851595878601, 0.6216687560081482, 0.6339771747589111, 0.4984573423862457, 0.5241333246231079, 0.5417001247406006, 0.5220369696617126, 0.37959566712379456, 0.30175355076789856, 0.3392420709133148, 0.6313844919204712, 0.42077481746673584, 0.49709588289260864, 0.3333066701889038, 0.3847495913505554, 0.27861928939819336, 0.2791450023651123, 0.23421058058738708, 0.20363996922969818, 0.2075212299823761, 0.15956220030784607, 0.14884798228740692, 0.16142553091049194, 0.16155843436717987, 0.15545281767845154, 0.16431958973407745, 0.16686955094337463, 0.162805438041687, 0.17545998096466064, 0.16901272535324097, 0.17132419347763062, 0.1553124338388443, 0.16648437082767487, 0.14130525290966034, 0.1370239406824112, 0.12438078224658966]}