{"train_loss": [10.329523086547852, 6.393196105957031, 6.888235569000244, 4.405552387237549, 3.6485209465026855, 3.9569015502929688, 4.018665313720703, 2.764329195022583, 2.5070693492889404, 2.3858540058135986, 2.5948195457458496, 2.265669345855713, 1.777860403060913, 2.29085636138916, 1.858605980873108, 1.8625426292419434, 1.7208364009857178, 1.5034091472625732, 1.4819049835205078, 1.2058976888656616, 0.9335027933120728, 0.7598166465759277, 0.8174639344215393, 0.756141185760498, 0.6192682981491089, 0.612907350063324, 0.6024810075759888, 0.5842460989952087, 0.5019699931144714, 0.4668187201023102, 0.4813765287399292, 0.44436079263687134, 0.44508251547813416, 0.4316127896308899, 0.42487865686416626, 0.4182474911212921, 0.41588515043258667, 0.40093401074409485, 0.38636258244514465, 0.39349332451820374, 0.3556003272533417, 0.34606921672821045, 0.33621111512184143, 0.3287806808948517, 0.3247521221637726], "val_loss": [4.832015037536621, 4.533379554748535, 7.823307037353516, 4.626358985900879, 3.685194492340088, 4.878795623779297, 3.373051881790161, 3.1068546772003174, 2.665604829788208, 2.0854363441467285, 2.6885581016540527, 1.8109445571899414, 3.1909592151641846, 2.906872272491455, 2.4340426921844482, 1.9475215673446655, 1.6891489028930664, 1.5850064754486084, 1.6391026973724365, 1.427612066268921, 1.1415153741836548, 1.5999433994293213, 1.040212631225586, 1.4016090631484985, 0.9447622299194336, 1.453627347946167, 0.9923008680343628, 0.8727267980575562, 0.815508246421814, 0.831230640411377, 0.764768660068512, 0.9751006364822388, 0.7739340662956238, 0.732097327709198, 0.7597125768661499, 0.7306020259857178, 0.7338512539863586, 0.699903130531311, 0.6874113082885742, 0.6986545324325562, 0.6765093207359314, 0.638196587562561, 0.6550734639167786, 0.6299228072166443, 0.6295508146286011]}