{"train_loss": [3.6261, 1.0298, 0.82364, 0.49929, 0.89485, 0.64015, 0.85727, 0.72387, 0.63288, 0.64083, 0.58139, 0.69362, 0.65607, 0.59066, 0.63081, 0.33327, 0.27602, 0.36292, 0.3031, 0.26257, 0.224, 0.19859, 0.17012, 0.15852, 0.16849, 0.16299, 0.1436, 0.12813, 0.11396, 0.10414, 0.0841, 0.094944, 0.095322, 0.094454, 0.093786, 0.092566, 0.092093, 0.092005, 0.090686, 0.074079, 0.09045, 0.089919, 0.073049, 0.067072, 0.08519], "val_loss": [1.2432, 3.0802, 0.75897, 0.58791, 0.46696, 0.54922, 0.79297, 0.48028, 0.77076, 0.89056, 0.52363, 0.69088, 0.88644, 0.63093, 0.41289, 0.31959, 0.39491, 0.35754, 0.34697, 0.28628, 0.22634, 0.17032, 0.16978, 0.1512, 0.13972, 0.15061, 0.12873, 0.12493, 0.11417, 0.11758, 0.10794, 0.1042, 0.10443, 0.097274, 0.098323, 0.09415, 0.095274, 0.094746, 0.10023, 0.11547, 0.11978, 0.12011, 0.08779, 0.10525, 0.091692]}